word,score,lang
apprécier,2,fr
épanoui,2,fr
émerveillé,3,fr
enchanté,3,fr
enthousiaste,3,fr
exalté,3,fr
féliciter,2,fr
flatté,2,fr
gracieux,2,fr
gratifiant,2,fr
harmonieux,2,fr
lumineux,2,fr
magique,3,fr
paradisiaque,3,fr
passionné,3,fr
pétillant,2,fr
prospère,2,fr
rayonnant,2,fr
réconfortant,2,fr
réjouissant,2,fr
relaxant,1,fr
resplendissant,3,fr
sublime,3,fr
succès,2,fr
tendre,2,fr
tranquillité,2,fr
triomphant,3,fr
vibrant,2,fr
victorieux,3,fr
accablant,-2,fr
affliction,-3,fr
affliger,-3,fr
agacement,-2,fr
agitation,-2,fr
agonie,-3,fr
aigreur,-2,fr
alarmer,-2,fr
alarmiste,-2,fr
aliéner,-2,fr
anxiété,-2,fr
arnaque,-3,fr
"carte bancaire",-1,fr
chantage,-3,fr
complot,-2,fr
déception,-2,fr
déchéance,-3,fr
déclencheur,-1,fr
défaite,-2,fr
défiance,-2,fr
dégradation,-2,fr
délit,-2,fr
déloyauté,-2,fr
démence,-3,fr
démoralisant,-3,fr
dénigrement,-2,fr
dépit,-2,fr
déplaisir,-2,fr
déplorable,-3,fr
dépravation,-3,fr
dépressif,-3,fr
dépression,-3,fr
déprimant,-3,fr
désarroi,-2,fr
désastre,-3,fr
désemparé,-2,fr
désespoir,-3,fr
désolation,-3,fr
désolé,-2,fr
détresse,-3,fr
détritus,-1,fr
deuil,-3,fr
discorde,-2,fr
discrimination,-3,fr
doute,-1,fr
douloureux,-3,fr
drame,-3,fr
effondrement,-3,fr
effroi,-3,fr
embarras,-1,fr
émeute,-3,fr
emmerder,-2,fr
ennemi,-2,fr
énervement,-2,fr
enfreindre,-2,fr
envahissant,-1,fr
envie,-1,fr
épidémie,-2,fr
épuisement,-2,fr
érosion,-1,fr
errance,-1,fr
erreur,-1,fr
escroquerie,-3,fr
espionnage,-3,fr
étrangeté,-1,fr
étranglement,-2,fr
évanouissement,-2,fr
éveil,1,fr
éviction,-2,fr
exaction,-3,fr
exaspération,-2,fr
exclusion,-2,fr
exécration,-3,fr
exil,-2,fr
exploitation,-3,fr
expropriation,-2,fr
extorsion,-3,fr
fâché,-2,fr
faillite,-3,fr
fardeau,-2,fr
fatigue,-1,fr
faute,-1,fr
félonie,-3,fr
fissure,-1,fr
fissuration,-1,fr
flagrant,-1,fr
fléau,-3,fr
fragilité,-1,fr
fraude,-3,fr
frayeur,-2,fr
frustration,-2,fr
furieux,-3,fr
fusion,1,fr
gâchis,-2,fr
gêne,-1,fr
graisse,-1,fr
gratuit,0,fr
gravité,-1,fr
guerre,-3,fr
haine,-3,fr
harcèlement,-3,fr
honte,-2,fr
honteux,-2,fr
horreur,-3,fr
hostile,-2,fr
humiliation,-3,fr
hypocrisie,-2,fr
hystérie,-2,fr
ignominie,-3,fr
illégal,-3,fr
immoral,-3,fr
impatience,-1,fr
impuissance,-2,fr
incendie,-2,fr
incohérence,-1,fr
incompréhension,-1,fr
inconfort,-1,fr
inconscient,-1,fr
inconvénient,-1,fr
incorrection,-1,fr
incroyable,2,fr
indécence,-2,fr
indélicatesse,-2,fr
indésirable,-1,fr
indignation,-2,fr
indiscipline,-1,fr
indiscrétion,-1,fr
individu,0,fr
indulgence,1,fr
inégalité,-2,fr
inertie,-1,fr
infamie,-3,fr
infernal,-3,fr
infidélité,-2,fr
inflation,-1,fr
influence,0,fr
informel,0,fr
ingérence,-2,fr
inimitié,-2,fr
injustice,-3,fr
inquiétude,-2,fr
insatisfaction,-2,fr
insécurité,-2,fr
insensibilité,-2,fr
insignifiance,-1,fr
insistance,0,fr
insouciance,1,fr
instabilité,-1,fr
insuffisance,-1,fr
insulte,-3,fr
intolérance,-3,fr
intransigeance,-2,fr
intrusion,-2,fr
inutilité,-1,fr
invasion,-2,fr
invective,-2,fr
ironie,0,fr
irrégularité,-1,fr
irrespect,-2,fr
irritation,-2,fr
isolement,-2,fr
jalousie,-2,fr
lâcheté,-2,fr
lamentable,-2,fr
lassitude,-1,fr
maladie,-2,fr
malentendu,-1,fr
malêtre,-2,fr
malheur,-3,fr
malhonnêteté,-2,fr
malveillance,-3,fr
manipulation,-2,fr
manque,-1,fr
médiocrité,-1,fr
méfiance,-2,fr
mélancolie,-1,fr
mensonge,-2,fr
mépris,-2,fr
méprise,-1,fr
merde,-2,fr
misère,-3,fr
monotonie,-1,fr
mort,-3,fr
négligence,-1,fr
nerveux,-1,fr
nuisance,-1,fr
nullité,-1,fr
obscénité,-2,fr
obsession,-1,fr
obstacle,-1,fr
odieux,-3,fr
offense,-2,fr
oppression,-3,fr
orage,-1,fr
ordures,-1,fr
outrage,-2,fr
panique,-2,fr
paranoïa,-2,fr
pénible,-1,fr
pénurie,-2,fr
perte,-2,fr
peur,-2,fr
phobie,-2,fr
piège,-2,fr
pitié,1,fr
pollution,-1,fr
pourriture,-2,fr
précarité,-2,fr
préjudice,-2,fr
problème,-1,fr
provocation,-1,fr
ranceur,-2,fr
rancune,-2,fr
rapacité,-2,fr
rappel,0,fr
raté,-1,fr
regret,-1,fr
rejet,-1,fr
remords,-1,fr
renoncement,-1,fr
renvoi,-1,fr
répression,-2,fr
reproche,-1,fr
répugnance,-2,fr
réputation,0,fr
ressentiment,-2,fr
restriction,-1,fr
ricanement,0,fr
rigidité,-1,fr
rigueur,0,fr
risque,-1,fr
rivalité,-1,fr
rudesse,-1,fr
ruine,-3,fr
rumeur,-1,fr
sacrifice,1,fr
sadisme,-3,fr
sale,-1,fr
sang,-2,fr
sarcasme,-1,fr
satisfait,2,fr
sauvagerie,-3,fr
scandale,-2,fr
scepticisme,-1,fr
sécheresse,-1,fr
ségrégation,-3,fr
sensation,1,fr
sensibilité,1,fr
sentiment,1,fr
sévérité,-1,fr
simplicité,1,fr
sincérité,2,fr
sociabilité,1,fr
solidarité,2,fr
solitude,-1,fr
souci,-1,fr
souffrance,-3,fr
soupçon,-1,fr
souplesse,1,fr
spam,0,fr
stabilité,1,fr
stagnation,-1,fr
stress,-2,fr
stupidité,-1,fr
subversion,-2,fr
suffisance,-1,fr
suspicion,-1,fr
tension,-1,fr
terreur,-3,fr
terrorisme,-3,fr
tracas,-1,fr
tragédie,-3,fr
trahison,-3,fr
traitrise,-3,fr
tranquillité,2,fr
traumatisme,-3,fr
travail,0,fr
tremblement,-1,fr
tricherie,-2,fr
tristesse,-2,fr
tromperie,-2,fr
tyrannie,-3,fr
urgence,-1,fr
usurpation,-3,fr
vacuité,-1,fr
vague,0,fr
vanité,-1,fr
vengeance,-2,fr
victime,-2,fr
victoire,2,fr
vie,1,fr
viol,-3,fr
violation,-2,fr
violence,-3,fr
virulence,-2,fr
virus,-2,fr
vol,-2,fr
volonté,1,fr
vulgarité,-2,fr
vulnérabilité,-1,fr
appreciate,2,en
fulfilled,2,en
amazed,3,en
delighted,3,en
enthusiastic,3,en
exalted,3,en
congratulate,2,en
flattered,2,en
gracious,2,en
rewarding,2,en
harmonious,2,en
luminous,2,en
magical,3,en
heavenly,3,en
passionate,3,en
sparkling,2,en
prosperous,2,en
radiant,2,en
comforting,2,en
joyful,2,en
relaxing,1,en
resplendent,3,en
sublime,3,en
success,2,en
tender,2,en
tranquility,2,en
triumphant,3,en
vibrant,2,en
victorious,3,en
overwhelming,-2,en
affliction,-3,en
afflict,-3,en
annoyance,-2,en
agitation,-2,en
agony,-3,en
bitterness,-2,en
alarm,-2,en
alarmist,-2,en
alienate,-2,en
anxiety,-2,en
scam,-3,en
"bank card",-1,en
blackmail,-3,en
plot,-2,en
disappointment,-2,en
downfall,-3,en
trigger,-1,en
defeat,-2,en
defiance,-2,en
degradation,-2,en
offense,-2,en
disloyalty,-2,en
madness,-3,en
demoralizing,-3,en
denigration,-2,en
resentment,-2,en
displeasure,-2,en
deplorable,-3,en
depravity,-3,en
depressive,-3,en
depression,-3,en
depressing,-3,en
distress,-2,en
disaster,-3,en
distraught,-2,en
despair,-3,en
desolation,-3,en
sorry,-2,en
distress,-3,en
trash,-1,en
mourning,-3,en
discord,-2,en
discrimination,-3,en
doubt,-1,en
painful,-3,en
drama,-3,en
collapse,-3,en
dread,-3,en
embarrassment,-1,en
riot,-3,en
"piss off",-2,en
enemy,-2,en
irritation,-2,en
infringe,-2,en
invasive,-1,en
envy,-1,en
epidemic,-2,en
exhaustion,-2,en
erosion,-1,en
wandering,-1,en
error,-1,en
fraud,-3,en
espionage,-3,en
strangeness,-1,en
strangulation,-2,en
fainting,-2,en
awakening,1,en
eviction,-2,en
exaction,-3,en
exasperation,-2,en
exclusion,-2,en
execration,-3,en
exile,-2,en
exploitation,-3,en
expropriation,-2,en
extortion,-3,en
angry,-2,en
bankruptcy,-3,en
burden,-2,en
fatigue,-1,en
fault,-1,en
felony,-3,en
crack,-1,en
cracking,-1,en
blatant,-1,en
scourge,-3,en
fragility,-1,en
fraud,-3,en
fright,-2,en
frustration,-2,en
furious,-3,en
merger,1,en
mess,-2,en
discomfort,-1,en
grease,-1,en
free,0,en
gravity,-1,en
war,-3,en
hatred,-3,en
harassment,-3,en
shame,-2,en
shameful,-2,en
horror,-3,en
hostile,-2,en
humiliation,-3,en
hypocrisy,-2,en
hysteria,-2,en
ignominy,-3,en
illegal,-3,en
immoral,-3,en
impatience,-1,en
powerlessness,-2,en
fire,-2,en
incoherence,-1,en
misunderstanding,-1,en
discomfort,-1,en
unconscious,-1,en
inconvenience,-1,en
incorrectness,-1,en
unbelievable,2,en
indecency,-2,en
tactlessness,-2,en
unwanted,-1,en
indignation,-2,en
indiscipline,-1,en
indiscretion,-1,en
individual,0,en
indulgence,1,en
inequality,-2,en
inertia,-1,en
infamy,-3,en
infernal,-3,en
infidelity,-2,en
inflation,-1,en
influence,0,en
informal,0,en
interference,-2,en
enmity,-2,en
injustice,-3,en
worry,-2,en
dissatisfaction,-2,en
insecurity,-2,en
insensitivity,-2,en
insignificance,-1,en
insistence,0,en
carefreeness,1,en
instability,-1,en
insufficiency,-1,en
insult,-3,en
intolerance,-3,en
intransigence,-2,en
intrusion,-2,en
uselessness,-1,en
invasion,-2,en
invective,-2,en
irony,0,en
irregularity,-1,en
disrespect,-2,en
irritation,-2,en
isolation,-2,en
jealousy,-2,en
cowardice,-2,en
lamentable,-2,en
weariness,-1,en
illness,-2,en
misunderstanding,-1,en
unease,-2,en
misfortune,-3,en
dishonesty,-2,en
malevolence,-3,en
manipulation,-2,en
lack,-1,en
mediocrity,-1,en
distrust,-2,en
melancholy,-1,en
lie,-2,en
contempt,-2,en
mistake,-1,en
shit,-2,en
misery,-3,en
monotony,-1,en
death,-3,en
negligence,-1,en
nervous,-1,en
nuisance,-1,en
nullity,-1,en
obscenity,-2,en
obsession,-1,en
obstacle,-1,en
odious,-3,en
offense,-2,en
oppression,-3,en
storm,-1,en
garbage,-1,en
outrage,-2,en
panic,-2,en
paranoia,-2,en
painful,-1,en
shortage,-2,en
loss,-2,en
fear,-2,en
phobia,-2,en
trap,-2,en
pity,1,en
pollution,-1,en
rot,-2,en
precarity,-2,en
prejudice,-2,en
problem,-1,en
provocation,-1,en
resentment,-2,en
grudge,-2,en
greed,-2,en
reminder,0,en
missed,-1,en
regret,-1,en
rejection,-1,en
remorse,-1,en
renunciation,-1,en
dismissal,-1,en
repression,-2,en
reproach,-1,en
repugnance,-2,en
reputation,0,en
resentment,-2,en
restriction,-1,en
sneer,0,en
rigidity,-1,en
rigor,0,en
risk,-1,en
rivalry,-1,en
harshness,-1,en
ruin,-3,en
rumor,-1,en
sacrifice,1,en
sadism,-3,en
dirty,-1,en
blood,-2,en
sarcasm,-1,en
satisfied,2,en
savagery,-3,en
scandal,-2,en
skepticism,-1,en
drought,-1,en
segregation,-3,en
sensation,1,en
sensitivity,1,en
feeling,1,en
severity,-1,en
simplicity,1,en
sincerity,2,en
sociability,1,en
solidarity,2,en
loneliness,-1,en
worry,-1,en
suffering,-3,en
suspicion,-1,en
flexibility,1,en
spam,0,en
stability,1,en
stagnation,-1,en
stress,-2,en
stupidity,-1,en
subversion,-2,en
smugness,-1,en
suspicion,-1,en
tension,-1,en
terror,-3,en
terrorism,-3,en
hassle,-1,en
tragedy,-3,en
betrayal,-3,en
treachery,-3,en
tranquility,2,en
trauma,-3,en
work,0,en
trembling,-1,en
cheating,-2,en
sadness,-2,en
deception,-2,en
tyranny,-3,en
urgency,-1,en
usurpation,-3,en
emptiness,-1,en
vague,0,en
vanity,-1,en
revenge,-2,en
victim,-2,en
victory,2,en
life,1,en
rape,-3,en
violation,-2,en
violence,-3,en
virulence,-2,en
virus,-2,en
theft,-2,en
will,1,en
vulgarity,-2,en
vulnerability,-1,en
apreciar,2,es
realizado,2,es
maravillado,3,es
encantado,3,es
entusiasmado,3,es
exaltado,3,es
felicitar,2,es
halagado,2,es
agraciado,2,es
gratificante,2,es
armonioso,2,es
luminoso,2,es
mágico,3,es
paradisíaco,3,es
apasionado,3,es
chispeante,2,es
próspero,2,es
radiante,2,es
reconfortante,2,es
alegre,2,es
relajante,1,es
resplandeciente,3,es
sublime,3,es
éxito,2,es
tierno,2,es
tranquilidad,2,es
triunfante,3,es
vibrante,2,es
victorioso,3,es
abrumador,-2,es
aflicción,-3,es
afligir,-3,es
fastidio,-2,es
agitación,-2,es
agonía,-3,es
amargura,-2,es
alarmar,-2,es
alarmista,-2,es
alienar,-2,es
ansiedad,-2,es
estafa,-3,es
"tarjeta bancaria",-1,es
chantaje,-3,es
complot,-2,es
decepción,-2,es
decadencia,-3,es
desencadenante,-1,es
derrota,-2,es
desafío,-2,es
degradación,-2,es
delito,-2,es
deslealtad,-2,es
demencia,-3,es
desmoralizante,-3,es
denigración,-2,es
despecho,-2,es
desagrado,-2,es
deplorable,-3,es
depravación,-3,es
depresivo,-3,es
depresión,-3,es
deprimente,-3,es
desconsuelo,-2,es
desastre,-3,es
desamparado,-2,es
desesperación,-3,es
desolación,-3,es
apesadumbrado,-2,es
angustia,-3,es
basura,-1,es
luto,-3,es
discordia,-2,es
discriminación,-3,es
duda,-1,es
doloroso,-3,es
drama,-3,es
derrumbamiento,-3,es
pavor,-3,es
vergüenza,-1,es
disturbio,-3,es
joder,-2,es
enemigo,-2,es
irritación,-2,es
infringir,-2,es
invasivo,-1,es
envidia,-1,es
epidemia,-2,es
agotamiento,-2,es
erosión,-1,es
errancia,-1,es
error,-1,es
fraude,-3,es
espionaje,-3,es
extrañeza,-1,es
estrangulamiento,-2,es
desmayo,-2,es
despertar,1,es
desalojo,-2,es
exacción,-3,es
exasperación,-2,es
exclusión,-2,es
execración,-3,es
exilio,-2,es
explotación,-3,es
expropiación,-2,es
extorsión,-3,es
enfadado,-2,es
bancarrota,-3,es
carga,-2,es
fatiga,-1,es
culpa,-1,es
felonía,-3,es
fisura,-1,es
fisuración,-1,es
flagrante,-1,es
flagelo,-3,es
fragilidad,-1,es
fraude,-3,es
susto,-2,es
frustración,-2,es
furioso,-3,es
fusión,1,es
desastre,-2,es
incomodidad,-1,es
grasa,-1,es
gratis,0,es
gravedad,-1,es
guerra,-3,es
odio,-3,es
acoso,-3,es
vergüenza,-2,es
vergonzoso,-2,es
horror,-3,es
hostil,-2,es
humillación,-3,es
hipocresía,-2,es
histeria,-2,es
ignominia,-3,es
ilegal,-3,es
inmoral,-3,es
impaciencia,-1,es
impotencia,-2,es
incendio,-2,es
incoherencia,-1,es
incomprensión,-1,es
incomodidad,-1,es
inconsciente,-1,es
inconveniente,-1,es
incorrección,-1,es
increíble,2,es
indecencia,-2,es
indelicadeza,-2,es
indeseable,-1,es
indignación,-2,es
indisciplina,-1,es
indiscreción,-1,es
individuo,0,es
indulgencia,1,es
desigualdad,-2,es
inercia,-1,es
infamia,-3,es
infernal,-3,es
infidelidad,-2,es
inflación,-1,es
influencia,0,es
informal,0,es
injerencia,-2,es
enemistad,-2,es
injusticia,-3,es
inquietud,-2,es
insatisfacción,-2,es
inseguridad,-2,es
insensibilidad,-2,es
insignificancia,-1,es
insistencia,0,es
despreocupación,1,es
inestabilidad,-1,es
insuficiencia,-1,es
insulto,-3,es
intolerancia,-3,es
intransigencia,-2,es
intrusión,-2,es
inutilidad,-1,es
invasión,-2,es
invectiva,-2,es
ironía,0,es
irregularidad,-1,es
irrespeto,-2,es
irritación,-2,es
aislamiento,-2,es
celos,-2,es
cobardía,-2,es
lamentable,-2,es
cansancio,-1,es
enfermedad,-2,es
malentendido,-1,es
malestar,-2,es
desgracia,-3,es
deshonestidad,-2,es
malicia,-3,es
manipulación,-2,es
falta,-1,es
mediocridad,-1,es
desconfianza,-2,es
melancolía,-1,es
mentira,-2,es
desprecio,-2,es
equivocación,-1,es
mierda,-2,es
miseria,-3,es
monotonía,-1,es
muerte,-3,es
negligencia,-1,es
nervioso,-1,es
molestia,-1,es
nulidad,-1,es
obscenidad,-2,es
obsesión,-1,es
obstáculo,-1,es
odioso,-3,es
ofensa,-2,es
opresión,-3,es
tormenta,-1,es
basura,-1,es
ultraje,-2,es
pánico,-2,es
paranoia,-2,es
penoso,-1,es
escasez,-2,es
pérdida,-2,es
miedo,-2,es
fobia,-2,es
trampa,-2,es
piedad,1,es
contaminación,-1,es
podredumbre,-2,es
precariedad,-2,es
perjuicio,-2,es
problema,-1,es
provocación,-1,es
rencor,-2,es
rencilla,-2,es
rapacidad,-2,es
recordatorio,0,es
fallido,-1,es
pesar,-1,es
rechazo,-1,es
remordimiento,-1,es
renuncia,-1,es
despido,-1,es
represión,-2,es
reproche,-1,es
repugnancia,-2,es
reputación,0,es
resentimiento,-2,es
restricción,-1,es
risita,0,es
rigidez,-1,es
rigor,0,es
riesgo,-1,es
rivalidad,-1,es
rudeza,-1,es
ruina,-3,es
rumor,-1,es
sacrificio,1,es
sadismo,-3,es
sucio,-1,es
sangre,-2,es
sarcasmo,-1,es
satisfecho,2,es
salvajismo,-3,es
escándalo,-2,es
escepticismo,-1,es
sequía,-1,es
segregación,-3,es
sensación,1,es
sensibilidad,1,es
sentimiento,1,es
severidad,-1,es
sencillez,1,es
sinceridad,2,es
sociabilidad,1,es
solidaridad,2,es
soledad,-1,es
preocupación,-1,es
sufrimiento,-3,es
sospecha,-1,es
flexibilidad,1,es
spam,0,es
estabilidad,1,es
estancamiento,-1,es
estrés,-2,es
estupidez,-1,es
subversión,-2,es
suficiencia,-1,es
sospecha,-1,es
tensión,-1,es
terror,-3,es
terrorismo,-3,es
molestia,-1,es
tragedia,-3,es
traición,-3,es
traición,-3,es
tranquilidad,2,es
trauma,-3,es
trabajo,0,es
temblor,-1,es
trampa,-2,es
tristeza,-2,es
engaño,-2,es
tiranía,-3,es
urgencia,-1,es
usurpación,-3,es
vacuidad,-1,es
vago,0,es
vanidad,-1,es
venganza,-2,es
víctima,-2,es
victoria,2,es
vida,1,es
violación,-3,es
violación,-2,es
violencia,-3,es
virulencia,-2,es
virus,-2,es
robo,-2,es
voluntad,1,es
vulgaridad,-2,es
vulnerabilidad,-1,es
apreciar,2,pt
realizado,2,pt
maravilhado,3,pt
encantado,3,pt
entusiasmado,3,pt
exaltado,3,pt
felicitar,2,pt
lisonjeado,2,pt
gracioso,2,pt
gratificante,2,pt
harmonioso,2,pt
luminoso,2,pt
mágico,3,pt
paradisíaco,3,pt
apaixonado,3,pt
efervescente,2,pt
próspero,2,pt
radiante,2,pt
reconfortante,2,pt
alegre,2,pt
relaxante,1,pt
resplandecente,3,pt
sublime,3,pt
sucesso,2,pt
terno,2,pt
tranquilidade,2,pt
triunfante,3,pt
vibrante,2,pt
vitorioso,3,pt
avassalador,-2,pt
aflição,-3,pt
afligir,-3,pt
aborrecimento,-2,pt
agitação,-2,pt
agonia,-3,pt
amargura,-2,pt
alarmar,-2,pt
alarmista,-2,pt
alienar,-2,pt
ansiedade,-2,pt
fraude,-3,pt
"cartão bancário",-1,pt
chantagem,-3,pt
conspiração,-2,pt
decepção,-2,pt
decadência,-3,pt
gatilho,-1,pt
derrota,-2,pt
desafio,-2,pt
degradação,-2,pt
delito,-2,pt
deslealdade,-2,pt
demência,-3,pt
desmoralizante,-3,pt
difamação,-2,pt
despeito,-2,pt
desprazer,-2,pt
deplorável,-3,pt
depravação,-3,pt
depressivo,-3,pt
depressão,-3,pt
deprimente,-3,pt
desalento,-2,pt
desastre,-3,pt
desamparado,-2,pt
desespero,-3,pt
desolação,-3,pt
desolado,-2,pt
angústia,-3,pt
lixo,-1,pt
luto,-3,pt
discórdia,-2,pt
discriminação,-3,pt
dúvida,-1,pt
doloroso,-3,pt
drama,-3,pt
desmoronamento,-3,pt
pavor,-3,pt
embaraço,-1,pt
tumulto,-3,pt
incomodar,-2,pt
inimigo,-2,pt
irritação,-2,pt
infringir,-2,pt
invasivo,-1,pt
inveja,-1,pt
epidemia,-2,pt
esgotamento,-2,pt
erosão,-1,pt
errância,-1,pt
erro,-1,pt
fraude,-3,pt
espionagem,-3,pt
estranheza,-1,pt
estrangulamento,-2,pt
desmaio,-2,pt
despertar,1,pt
despejo,-2,pt
exação,-3,pt
exasperação,-2,pt
exclusão,-2,pt
execração,-3,pt
exílio,-2,pt
exploração,-3,pt
expropriação,-2,pt
extorsão,-3,pt
zangado,-2,pt
falência,-3,pt
fardo,-2,pt
fadiga,-1,pt
culpa,-1,pt
felonia,-3,pt
fissura,-1,pt
fissuração,-1,pt
flagrante,-1,pt
flagelo,-3,pt
fragilidade,-1,pt
fraude,-3,pt
susto,-2,pt
frustração,-2,pt
furioso,-3,pt
fusão,1,pt
desperdício,-2,pt
incómodo,-1,pt
gordura,-1,pt
grátis,0,pt
gravidade,-1,pt
guerra,-3,pt
ódio,-3,pt
assédio,-3,pt
vergonha,-2,pt
vergonhoso,-2,pt
horror,-3,pt
hostil,-2,pt
humilhação,-3,pt
hipocrisia,-2,pt
histeria,-2,pt
ignomínia,-3,pt
ilegal,-3,pt
imoral,-3,pt
impaciência,-1,pt
impotência,-2,pt
incêndio,-2,pt
incoerência,-1,pt
incompreensão,-1,pt
desconforto,-1,pt
inconsciente,-1,pt
inconveniente,-1,pt
incorreção,-1,pt
incrível,2,pt
indecência,-2,pt
indelicadeza,-2,pt
indesejável,-1,pt
indignação,-2,pt
indisciplina,-1,pt
indiscrição,-1,pt
indivíduo,0,pt
indulgência,1,pt
desigualdade,-2,pt
inércia,-1,pt
infâmia,-3,pt
infernal,-3,pt
infidelidade,-2,pt
inflação,-1,pt
influência,0,pt
informal,0,pt
ingerência,-2,pt
inimizade,-2,pt
injustiça,-3,pt
inquietação,-2,pt
insatisfação,-2,pt
insegurança,-2,pt
insensibilidade,-2,pt
insignificância,-1,pt
insistência,0,pt
despreocupação,1,pt
instabilidade,-1,pt
insuficiência,-1,pt
insulto,-3,pt
intolerância,-3,pt
intransigência,-2,pt
intrusão,-2,pt
inutilidade,-1,pt
invasão,-2,pt
invectiva,-2,pt
ironia,0,pt
irregularidade,-1,pt
desrespeito,-2,pt
irritação,-2,pt
isolamento,-2,pt
ciúme,-2,pt
covardia,-2,pt
lamentável,-2,pt
cansaço,-1,pt
doença,-2,pt
"mal-entendido",-1,pt
"mal-estar",-2,pt
desgraça,-3,pt
desonestidade,-2,pt
malevolência,-3,pt
manipulação,-2,pt
falta,-1,pt
mediocridade,-1,pt
desconfiança,-2,pt
melancolia,-1,pt
mentira,-2,pt
desprezo,-2,pt
engano,-1,pt
merda,-2,pt
miséria,-3,pt
monotonia,-1,pt
morte,-3,pt
negligência,-1,pt
nervoso,-1,pt
incómodo,-1,pt
nulidade,-1,pt
obscenidade,-2,pt
obsessão,-1,pt
obstáculo,-1,pt
odioso,-3,pt
ofensa,-2,pt
opressão,-3,pt
tempestade,-1,pt
lixo,-1,pt
ultraje,-2,pt
pânico,-2,pt
paranoia,-2,pt
penoso,-1,pt
escassez,-2,pt
perda,-2,pt
medo,-2,pt
fobia,-2,pt
armadilha,-2,pt
piedade,1,pt
poluição,-1,pt
podridão,-2,pt
precariedade,-2,pt
prejuízo,-2,pt
problema,-1,pt
provocação,-1,pt
rancor,-2,pt
ressentimento,-2,pt
rapacidade,-2,pt
lembrete,0,pt
falhado,-1,pt
arrependimento,-1,pt
rejeição,-1,pt
remorso,-1,pt
renúncia,-1,pt
demissão,-1,pt
repressão,-2,pt
repreensão,-1,pt
repugnância,-2,pt
reputação,0,pt
ressentimento,-2,pt
restrição,-1,pt
riso,0,pt
rigidez,-1,pt
rigor,0,pt
risco,-1,pt
rivalidade,-1,pt
rudeza,-1,pt
ruína,-3,pt
rumor,-1,pt
sacrifício,1,pt
sadismo,-3,pt
sujo,-1,pt
sangue,-2,pt
sarcasmo,-1,pt
satisfeito,2,pt
selvageria,-3,pt
escândalo,-2,pt
ceticismo,-1,pt
seca,-1,pt
segregação,-3,pt
sensação,1,pt
sensibilidade,1,pt
sentimento,1,pt
severidade,-1,pt
simplicidade,1,pt
sinceridade,2,pt
sociabilidade,1,pt
solidariedade,2,pt
solidão,-1,pt
preocupação,-1,pt
sofrimento,-3,pt
suspeita,-1,pt
flexibilidade,1,pt
spam,0,pt
estabilidade,1,pt
estagnação,-1,pt
estresse,-2,pt
estupidez,-1,pt
subversão,-2,pt
suficiência,-1,pt
suspeita,-1,pt
tensão,-1,pt
terror,-3,pt
terrorismo,-3,pt
aborrecimento,-1,pt
tragédia,-3,pt
traição,-3,pt
traição,-3,pt
tranquilidade,2,pt
trauma,-3,pt
trabalho,0,pt
tremor,-1,pt
batota,-2,pt
tristeza,-2,pt
engano,-2,pt
tirania,-3,pt
urgência,-1,pt
usurpação,-3,pt
vacuidade,-1,pt
vago,0,pt
vaidade,-1,pt
vingança,-2,pt
vítima,-2,pt
vitória,2,pt
vida,1,pt
violação,-3,pt
violação,-2,pt
violência,-3,pt
virulência,-2,pt
vírus,-2,pt
roubo,-2,pt
vontade,1,pt
vulgaridade,-2,pt
vulnerabilidade,-1,pt
schätzen,2,de
erfüllt,2,de
staunend,3,de
entzückt,3,de
begeistert,3,de
exaltiert,3,de
gratulieren,2,de
geschmeichelt,2,de
anmutig,2,de
lohnend,2,de
harmonisch,2,de
leuchtend,2,de
magisch,3,de
paradiesisch,3,de
leidenschaftlich,3,de
prickelnd,2,de
wohlhabend,2,de
strahlend,2,de
tröstlich,2,de
erfreulich,2,de
entspannend,1,de
glanzvoll,3,de
erhaben,3,de
Erfolg,2,de
zärtlich,2,de
Ruhe,2,de
triumphierend,3,de
vibrierend,2,de
siegreich,3,de
erdrückend,-2,de
Kummer,-3,de
betrüben,-3,de
Ärger,-2,de
Aufregung,-2,de
Agonie,-3,de
Bitterkeit,-2,de
alarmieren,-2,de
alarmistisch,-2,de
entfremden,-2,de
Angst,-2,de
Betrug,-3,de
Bankkarte,-1,de
Erpressung,-3,de
Verschwörung,-2,de
Enttäuschung,-2,de
Verfall,-3,de
Auslöser,-1,de
Niederlage,-2,de
Trotz,-2,de
Verschlechterung,-2,de
Straftat,-2,de
Illoyalität,-2,de
Wahnsinn,-3,de
demoralisierend,-3,de
Verunglimpfung,-2,de
Verdruss,-2,de
Missfallen,-2,de
bedauerlich,-3,de
Verderbtheit,-3,de
depressiv,-3,de
Depression,-3,de
deprimierend,-3,de
Bestürzung,-2,de
Katastrophe,-3,de
verzweifelt,-2,de
Verzweiflung,-3,de
Trostlosigkeit,-3,de
betrübt,-2,de
Not,-3,de
Abfall,-1,de
Trauer,-3,de
Zwietracht,-2,de
Diskriminierung,-3,de
Zweifel,-1,de
schmerzhaft,-3,de
Drama,-3,de
Zusammenbruch,-3,de
Schrecken,-3,de
Verlegenheit,-1,de
Aufruhr,-3,de
nerven,-2,de
Feind,-2,de
Gereiztheit,-2,de
verstoßen,-2,de
aufdringlich,-1,de
Neid,-1,de
Epidemie,-2,de
Erschöpfung,-2,de
Erosion,-1,de
Irrfahrt,-1,de
Fehler,-1,de
Betrug,-3,de
Spionage,-3,de
Fremdartigkeit,-1,de
Erdrosselung,-2,de
Ohnmacht,-2,de
Erwachen,1,de
Räumung,-2,de
Eintreibung,-3,de
Verzweiflung,-2,de
Ausschluss,-2,de
Verwünschung,-3,de
Exil,-2,de
Ausbeutung,-3,de
Enteignung,-2,de
Erpressung,-3,de
verärgert,-2,de
Bankrott,-3,de
Bürde,-2,de
Müdigkeit,-1,de
Schuld,-1,de
Schwerverbrechen,-3,de
Riss,-1,de
Rissbildung,-1,de
eklatant,-1,de
Geißel,-3,de
Zerbrechlichkeit,-1,de
Betrug,-3,de
Schreck,-2,de
Frustration,-2,de
wütend,-3,de
Fusion,1,de
Durcheinander,-2,de
Unbehagen,-1,de
Fett,-1,de
kostenlos,0,de
Schwere,-1,de
Krieg,-3,de
Hass,-3,de
Belästigung,-3,de
Scham,-2,de
beschämend,-2,de
Horror,-3,de
feindselig,-2,de
Demütigung,-3,de
Heuchelei,-2,de
Hysterie,-2,de
Schande,-3,de
illegal,-3,de
unmoralisch,-3,de
Ungeduld,-1,de
Machtlosigkeit,-2,de
Brand,-2,de
Inkohärenz,-1,de
Unverständnis,-1,de
Unbehagen,-1,de
unbewusst,-1,de
Unannehmlichkeit,-1,de
Unkorrektheit,-1,de
unglaublich,2,de
Unanständigkeit,-2,de
Taktlosigkeit,-2,de
unerwünscht,-1,de
Empörung,-2,de
Disziplinlosigkeit,-1,de
Indiskretion,-1,de
Individuum,0,de
Nachsicht,1,de
Ungleichheit,-2,de
Trägheit,-1,de
Ehrlosigkeit,-3,de
höllisch,-3,de
Untreue,-2,de
Inflation,-1,de
Einfluss,0,de
informell,0,de
Einmischung,-2,de
Feindschaft,-2,de
Ungerechtigkeit,-3,de
Sorge,-2,de
Unzufriedenheit,-2,de
Unsicherheit,-2,de
Unempfindlichkeit,-2,de
Bedeutungslosigkeit,-1,de
Beharrlichkeit,0,de
Sorglosigkeit,1,de
Instabilität,-1,de
Unzulänglichkeit,-1,de
Beleidigung,-3,de
Intoleranz,-3,de
Kompromisslosigkeit,-2,de
Eindringen,-2,de
Nutzlosigkeit,-1,de
Invasion,-2,de
Schmähung,-2,de
Ironie,0,de
Unregelmäßigkeit,-1,de
Respektlosigkeit,-2,de
Irritation,-2,de
Isolation,-2,de
Eifersucht,-2,de
Feigheit,-2,de
beklagenswert,-2,de
Mattigkeit,-1,de
Krankheit,-2,de
Missverständnis,-1,de
Unwohlsein,-2,de
Unglück,-3,de
Unehrlichkeit,-2,de
Boshaftigkeit,-3,de
Manipulation,-2,de
Mangel,-1,de
Mittelmäßigkeit,-1,de
Misstrauen,-2,de
Melancholie,-1,de
Lüge,-2,de
Verachtung,-2,de
Irrtum,-1,de
Scheiße,-2,de
Elend,-3,de
Monotonie,-1,de
Tod,-3,de
Fahrlässigkeit,-1,de
nervös,-1,de
Belästigung,-1,de
Nichtigkeit,-1,de
Obszönität,-2,de
Besessenheit,-1,de
Hindernis,-1,de
abscheulich,-3,de
Beleidigung,-2,de
Unterdrückung,-3,de
Gewitter,-1,de
Müll,-1,de
Empörung,-2,de
Panik,-2,de
Paranoia,-2,de
mühsam,-1,de
Knappheit,-2,de
Verlust,-2,de
Angst,-2,de
Phobie,-2,de
Falle,-2,de
Mitleid,1,de
Verschmutzung,-1,de
Verrottung,-2,de
Prekarität,-2,de
Schaden,-2,de
Problem,-1,de
Provokation,-1,de
Groll,-2,de
Groll,-2,de
Raffgier,-2,de
Erinnerung,0,de
verfehlt,-1,de
Bedauern,-1,de
Ablehnung,-1,de
Reue,-1,de
Verzicht,-1,de
Entlassung,-1,de
Unterdrückung,-2,de
Vorwurf,-1,de
Widerwille,-2,de
Ruf,0,de
Ressentiment,-2,de
Einschränkung,-1,de
Gekicher,0,de
Starrheit,-1,de
Strenge,0,de
Risiko,-1,de
Rivalität,-1,de
Schroffheit,-1,de
Ruin,-3,de
Gerücht,-1,de
Opfer,1,de
Sadismus,-3,de
schmutzig,-1,de
Blut,-2,de
Sarkasmus,-1,de
zufrieden,2,de
Wildheit,-3,de
Skandal,-2,de
Skepsis,-1,de
Dürre,-1,de
Segregation,-3,de
Empfindung,1,de
Sensibilität,1,de
Gefühl,1,de
Strenge,-1,de
Einfachheit,1,de
Aufrichtigkeit,2,de
Geselligkeit,1,de
Solidarität,2,de
Einsamkeit,-1,de
Sorge,-1,de
Leiden,-3,de
Verdacht,-1,de
Flexibilität,1,de
Spam,0,de
Stabilität,1,de
Stagnation,-1,de
Stress,-2,de
Dummheit,-1,de
Subversion,-2,de
Selbstgefälligkeit,-1,de
Argwohn,-1,de
Anspannung,-1,de
Terror,-3,de
Terrorismus,-3,de
Ärger,-1,de
Tragödie,-3,de
Verrat,-3,de
Treulosigkeit,-3,de
Ruhe,2,de
Trauma,-3,de
Arbeit,0,de
Zittern,-1,de
Betrügerei,-2,de
Traurigkeit,-2,de
Täuschung,-2,de
Tyrannei,-3,de
Dringlichkeit,-1,de
Usurpation,-3,de
Leere,-1,de
vage,0,de
Eitelkeit,-1,de
Rache,-2,de
Opfer,-2,de
Sieg,2,de
Leben,1,de
Vergewaltigung,-3,de
Verletzung,-2,de
Gewalt,-3,de
Virulenz,-2,de
Virus,-2,de
Diebstahl,-2,de
Wille,1,de
Vulgarität,-2,de
Verwundbarkeit,-1,de
apprezzare,2,it
realizzato,2,it
meravigliato,3,it
incantato,3,it
entusiasta,3,it
esaltato,3,it
congratularsi,2,it
lusingato,2,it
grazioso,2,it
gratificante,2,it
armonioso,2,it
luminoso,2,it
magico,3,it
paradisiaco,3,it
appassionato,3,it
frizzante,2,it
prospero,2,it
raggiante,2,it
confortante,2,it
gioioso,2,it
rilassante,1,it
splendente,3,it
sublime,3,it
successo,2,it
tenero,2,it
tranquillità,2,it
trionfante,3,it
vibrante,2,it
vittorioso,3,it
opprimente,-2,it
afflizione,-3,it
affliggere,-3,it
fastidio,-2,it
agitazione,-2,it
agonia,-3,it
asprezza,-2,it
allarmare,-2,it
allarmista,-2,it
alienare,-2,it
ansia,-2,it
truffa,-3,it
"carta bancaria",-1,it
ricatto,-3,it
complotto,-2,it
delusione,-2,it
decadenza,-3,it
innesco,-1,it
sconfitta,-2,it
sfida,-2,it
degrado,-2,it
reato,-2,it
slealtà,-2,it
demenza,-3,it
demoralizzante,-3,it
denigrazione,-2,it
dispetto,-2,it
dispiacere,-2,it
deplorevole,-3,it
depravazione,-3,it
depressivo,-3,it
depressione,-3,it
deprimente,-3,it
sconforto,-2,it
disastro,-3,it
smarrito,-2,it
disperazione,-3,it
desolazione,-3,it
addolorato,-2,it
angoscia,-3,it
rifiuti,-1,it
lutto,-3,it
discordia,-2,it
discriminazione,-3,it
dubbio,-1,it
doloroso,-3,it
dramma,-3,it
crollo,-3,it
spavento,-3,it
imbarazzo,-1,it
sommossa,-3,it
scocciare,-2,it
nemico,-2,it
irritazione,-2,it
infrangere,-2,it
invasivo,-1,it
invidia,-1,it
epidemia,-2,it
esaurimento,-2,it
erosione,-1,it
vagabondaggio,-1,it
errore,-1,it
frode,-3,it
spionaggio,-3,it
stranezza,-1,it
strangolamento,-2,it
svenimento,-2,it
risveglio,1,it
sfratto,-2,it
esazione,-3,it
esasperazione,-2,it
esclusione,-2,it
esecrazione,-3,it
esilio,-2,it
sfruttamento,-3,it
esproprio,-2,it
estorsione,-3,it
arrabbiato,-2,it
fallimento,-3,it
fardello,-2,it
stanchezza,-1,it
colpa,-1,it
fellonia,-3,it
crepa,-1,it
fessurazione,-1,it
flagrante,-1,it
flagello,-3,it
fragilità,-1,it
frode,-3,it
spavento,-2,it
frustrazione,-2,it
furioso,-3,it
fusione,1,it
pasticcio,-2,it
disagio,-1,it
grasso,-1,it
gratuito,0,it
gravità,-1,it
guerra,-3,it
odio,-3,it
molestia,-3,it
vergogna,-2,it
vergognoso,-2,it
orrore,-3,it
ostile,-2,it
umiliazione,-3,it
ipocrisia,-2,it
isteria,-2,it
ignominia,-3,it
illegale,-3,it
immorale,-3,it
impazienza,-1,it
impotenza,-2,it
incendio,-2,it
incoerenza,-1,it
incomprensione,-1,it
disagio,-1,it
inconscio,-1,it
inconveniente,-1,it
scorrettezza,-1,it
incredibile,2,it
indecenza,-2,it
indelicatezza,-2,it
indesiderato,-1,it
indignazione,-2,it
indisciplina,-1,it
indiscrezione,-1,it
individuo,0,it
indulgenza,1,it
disuguaglianza,-2,it
inerzia,-1,it
infamia,-3,it
infernale,-3,it
infedeltà,-2,it
inflazione,-1,it
influenza,0,it
informale,0,it
ingerenza,-2,it
inimicizia,-2,it
ingiustizia,-3,it
inquietudine,-2,it
insoddisfazione,-2,it
insicurezza,-2,it
insensibilità,-2,it
insignificanza,-1,it
insistenza,0,it
spensieratezza,1,it
instabilità,-1,it
insufficienza,-1,it
insulto,-3,it
intolleranza,-3,it
intransigenza,-2,it
intrusione,-2,it
inutilità,-1,it
invasione,-2,it
invettiva,-2,it
ironia,0,it
irregolarità,-1,it
irrispetto,-2,it
irritazione,-2,it
isolamento,-2,it
gelosia,-2,it
viltà,-2,it
lamentevole,-2,it
stanchezza,-1,it
malattia,-2,it
malinteso,-1,it
malessere,-2,it
disgrazia,-3,it
disonestà,-2,it
malevolenza,-3,it
manipolazione,-2,it
mancanza,-1,it
mediocrità,-1,it
diffidenza,-2,it
malinconia,-1,it
bugia,-2,it
disprezzo,-2,it
svista,-1,it
merda,-2,it
miseria,-3,it
monotonia,-1,it
morte,-3,it
negligenza,-1,it
nervoso,-1,it
fastidio,-1,it
nullità,-1,it
oscenità,-2,it
ossessione,-1,it
ostacolo,-1,it
odioso,-3,it
offesa,-2,it
oppressione,-3,it
tempesta,-1,it
immondizia,-1,it
oltraggio,-2,it
panico,-2,it
paranoia,-2,it
penoso,-1,it
scarsità,-2,it
perdita,-2,it
paura,-2,it
fobia,-2,it
trappola,-2,it
pietà,1,it
inquinamento,-1,it
marciume,-2,it
precarietà,-2,it
pregiudizio,-2,it
problema,-1,it
provocazione,-1,it
rancore,-2,it
risentimento,-2,it
rapacità,-2,it
promemoria,0,it
fallito,-1,it
rammarico,-1,it
rifiuto,-1,it
rimorso,-1,it
rinuncia,-1,it
licenziamento,-1,it
repressione,-2,it
rimprovero,-1,it
ripugnanza,-2,it
reputazione,0,it
risentimento,-2,it
restrizione,-1,it
sogghigno,0,it
rigidità,-1,it
rigore,0,it
rischio,-1,it
rivalità,-1,it
rudezza,-1,it
rovina,-3,it
voce,-1,it
sacrificio,1,it
sadismo,-3,it
sporco,-1,it
sangue,-2,it
sarcasmo,-1,it
soddisfatto,2,it
selvatichezza,-3,it
scandalo,-2,it
scetticismo,-1,it
siccità,-1,it
segregazione,-3,it
sensazione,1,it
sensibilità,1,it
sentimento,1,it
severità,-1,it
semplicità,1,it
sincerità,2,it
socievolezza,1,it
solidarietà,2,it
solitudine,-1,it
preoccupazione,-1,it
sofferenza,-3,it
sospetto,-1,it
flessibilità,1,it
spam,0,it
stabilità,1,it
stagnazione,-1,it
stress,-2,it
stupidità,-1,it
sovversione,-2,it
sufficienza,-1,it
sospetto,-1,it
tensione,-1,it
terrore,-3,it
terrorismo,-3,it
fastidio,-1,it
tragedia,-3,it
tradimento,-3,it
slealtà,-3,it
tranquillità,2,it
trauma,-3,it
lavoro,0,it
tremore,-1,it
imbroglio,-2,it
tristezza,-2,it
inganno,-2,it
tirannia,-3,it
urgenza,-1,it
usurpazione,-3,it
vacuità,-1,it
vago,0,it
vanità,-1,it
vendetta,-2,it
vittima,-2,it
vittoria,2,it
vita,1,it
stupro,-3,it
violazione,-2,it
violenza,-3,it
virulenza,-2,it
virus,-2,it
furto,-2,it
volontà,1,it
volgarità,-2,it
vulnerabilità,-1,it